agent-context	0
properties	0
280199692-property	0
280199692-streams	0
280199692-report	0
280199692-pivot	0
280199692-batch	0
280199692-realtime	0
280199692-metadata	0
280199692-compatibility	0
280199692-channels	0
280199692-sources	0
280199692-top-pages	0
280199692-events	0
280199692-conversions	0
280199692-funnel	0
280199692-compare	0
280199692-whats-changed	0
280199692-revenue	0
280199692-audience	0
280199692-cohort	0
540652239-property	0
540652239-streams	0
540652239-report	0
540652239-pivot	0
540652239-batch	0
540652239-realtime	0
540652239-metadata	0
540652239-compatibility	0
540652239-channels	0
540652239-sources	0
540652239-top-pages	0
540652239-events	0
540652239-conversions	0
540652239-funnel	0
540652239-compare	0
540652239-whats-changed	0
540652239-revenue	0
540652239-audience	0
540652239-cohort	0
